,ID,Artista,Nombre_album,Nombre_canción,Año_lanzamiento
0,06Q5VlSAku57lFzyME3HrM,Ke Personajes,Pobre Corazón (En Vivo),Pobre Corazón - En Vivo,2023
1,06Q5VlSAku57lFzyME3HrM,Ke Personajes,Si No Te Tengo / Ángel / Aquello Que Pasó,Si No Te Tengo / Ángel / Aquello Que Pasó,2021
2,06Q5VlSAku57lFzyME3HrM,Ke Personajes,Adiós Amor / Oye Mujer,Adiós Amor / Oye Mujer,2020
3,06Q5VlSAku57lFzyME3HrM,Ke Personajes,Otro Día Más,Otro Día Más,2021
4,06Q5VlSAku57lFzyME3HrM,Ke Personajes,Cómo estás,Cómo estás,2019
5,06Q5VlSAku57lFzyME3HrM,Ke Personajes,Como la Flor,Como la Flor,2022
6,06Q5VlSAku57lFzyME3HrM,Ke Personajes,Entre Beso y Beso,Entre Beso y Beso,2023
7,06Q5VlSAku57lFzyME3HrM,Ke Personajes,Entre el Odio y el Amor (En Vivo),Entre el Odio y el Amor - En Vivo,2024
8,06Q5VlSAku57lFzyME3HrM,Ke Personajes,Ya Fue,Ya Fue,2022
9,66CXWjxzNUsdJxJ2JdwvnR,Ariana Grande,eternal sunshine,intro (end of the world),2024
10,66CXWjxzNUsdJxJ2JdwvnR,Ariana Grande,eternal sunshine,bye,2024
11,66CXWjxzNUsdJxJ2JdwvnR,Ariana Grande,eternal sunshine,don't wanna break up again,2024
12,66CXWjxzNUsdJxJ2JdwvnR,Ariana Grande,eternal sunshine,Saturn Returns Interlude,2024
13,66CXWjxzNUsdJxJ2JdwvnR,Ariana Grande,eternal sunshine,eternal sunshine,2024
14,66CXWjxzNUsdJxJ2JdwvnR,Ariana Grande,eternal sunshine,supernatural,2024
15,66CXWjxzNUsdJxJ2JdwvnR,Ariana Grande,eternal sunshine,true story,2024
16,66CXWjxzNUsdJxJ2JdwvnR,Ariana Grande,eternal sunshine,the boy is mine,2024
17,66CXWjxzNUsdJxJ2JdwvnR,Ariana Grande,eternal sunshine,"yes, and?",2024
18,66CXWjxzNUsdJxJ2JdwvnR,Ariana Grande,eternal sunshine,we can't be friends (wait for your love),2024
19,66CXWjxzNUsdJxJ2JdwvnR,Ariana Grande,eternal sunshine,i wish i hated you,2024
20,66CXWjxzNUsdJxJ2JdwvnR,Ariana Grande,eternal sunshine,imperfect for you,2024
21,66CXWjxzNUsdJxJ2JdwvnR,Ariana Grande,eternal sunshine,ordinary things (feat. Nonna),2024
22,66CXWjxzNUsdJxJ2JdwvnR,Ariana Grande,"thank u, next",imagine,2019
23,66CXWjxzNUsdJxJ2JdwvnR,Ariana Grande,"thank u, next",needy,2019
24,66CXWjxzNUsdJxJ2JdwvnR,Ariana Grande,"thank u, next",NASA,2019
25,66CXWjxzNUsdJxJ2JdwvnR,Ariana Grande,"thank u, next",bloodline,2019
26,66CXWjxzNUsdJxJ2JdwvnR,Ariana Grande,"thank u, next",fake smile,2019
27,66CXWjxzNUsdJxJ2JdwvnR,Ariana Grande,"thank u, next",bad idea,2019
28,66CXWjxzNUsdJxJ2JdwvnR,Ariana Grande,"thank u, next",make up,2019
29,66CXWjxzNUsdJxJ2JdwvnR,Ariana Grande,"thank u, next",ghostin,2019
30,66CXWjxzNUsdJxJ2JdwvnR,Ariana Grande,"thank u, next",in my head,2019
31,66CXWjxzNUsdJxJ2JdwvnR,Ariana Grande,"thank u, next",7 rings,2019
32,66CXWjxzNUsdJxJ2JdwvnR,Ariana Grande,"thank u, next","thank u, next",2019
33,66CXWjxzNUsdJxJ2JdwvnR,Ariana Grande,"thank u, next","break up with your girlfriend, i'm bored",2019
34,66CXWjxzNUsdJxJ2JdwvnR,Ariana Grande,Positions,shut up,2020
35,66CXWjxzNUsdJxJ2JdwvnR,Ariana Grande,Positions,34+35,2020
36,66CXWjxzNUsdJxJ2JdwvnR,Ariana Grande,Positions,motive (with Doja Cat),2020
37,66CXWjxzNUsdJxJ2JdwvnR,Ariana Grande,Positions,just like magic,2020
38,66CXWjxzNUsdJxJ2JdwvnR,Ariana Grande,Positions,off the table (with The Weeknd),2020
39,66CXWjxzNUsdJxJ2JdwvnR,Ariana Grande,Positions,six thirty,2020
40,66CXWjxzNUsdJxJ2JdwvnR,Ariana Grande,Positions,safety net (feat. Ty Dolla $ign),2020
41,66CXWjxzNUsdJxJ2JdwvnR,Ariana Grande,Positions,my hair,2020
42,66CXWjxzNUsdJxJ2JdwvnR,Ariana Grande,Positions,nasty,2020
43,66CXWjxzNUsdJxJ2JdwvnR,Ariana Grande,Positions,west side,2020
44,66CXWjxzNUsdJxJ2JdwvnR,Ariana Grande,Positions,love language,2020
45,66CXWjxzNUsdJxJ2JdwvnR,Ariana Grande,Positions,positions,2020
46,66CXWjxzNUsdJxJ2JdwvnR,Ariana Grande,Positions,obvious,2020
47,66CXWjxzNUsdJxJ2JdwvnR,Ariana Grande,Positions,pov,2020
48,66CXWjxzNUsdJxJ2JdwvnR,Ariana Grande,eternal sunshine,intro (end of the world),2024
49,66CXWjxzNUsdJxJ2JdwvnR,Ariana Grande,eternal sunshine,bye,2024
50,66CXWjxzNUsdJxJ2JdwvnR,Ariana Grande,eternal sunshine,don't wanna break up again,2024
51,66CXWjxzNUsdJxJ2JdwvnR,Ariana Grande,eternal sunshine,Saturn Returns Interlude,2024
52,66CXWjxzNUsdJxJ2JdwvnR,Ariana Grande,eternal sunshine,eternal sunshine,2024
53,66CXWjxzNUsdJxJ2JdwvnR,Ariana Grande,eternal sunshine,supernatural,2024
54,66CXWjxzNUsdJxJ2JdwvnR,Ariana Grande,eternal sunshine,true story,2024
55,66CXWjxzNUsdJxJ2JdwvnR,Ariana Grande,eternal sunshine,the boy is mine,2024
56,66CXWjxzNUsdJxJ2JdwvnR,Ariana Grande,eternal sunshine,"yes, and?",2024
57,66CXWjxzNUsdJxJ2JdwvnR,Ariana Grande,eternal sunshine,we can't be friends (wait for your love),2024
58,66CXWjxzNUsdJxJ2JdwvnR,Ariana Grande,eternal sunshine,i wish i hated you,2024
59,66CXWjxzNUsdJxJ2JdwvnR,Ariana Grande,eternal sunshine,imperfect for you,2024
60,66CXWjxzNUsdJxJ2JdwvnR,Ariana Grande,eternal sunshine,ordinary things (feat. Nonna),2024
61,66CXWjxzNUsdJxJ2JdwvnR,Ariana Grande,Stuck with U,Stuck with U (with Justin Bieber),2020
62,66CXWjxzNUsdJxJ2JdwvnR,Ariana Grande,Positions (Deluxe),shut up,2021
63,66CXWjxzNUsdJxJ2JdwvnR,Ariana Grande,Positions (Deluxe),34+35,2021
64,66CXWjxzNUsdJxJ2JdwvnR,Ariana Grande,Positions (Deluxe),motive (with Doja Cat),2021
65,66CXWjxzNUsdJxJ2JdwvnR,Ariana Grande,Positions (Deluxe),just like magic,2021
66,66CXWjxzNUsdJxJ2JdwvnR,Ariana Grande,Positions (Deluxe),off the table (with The Weeknd),2021
67,66CXWjxzNUsdJxJ2JdwvnR,Ariana Grande,Positions (Deluxe),six thirty,2021
68,66CXWjxzNUsdJxJ2JdwvnR,Ariana Grande,Positions (Deluxe),safety net (feat. Ty Dolla $ign),2021
69,66CXWjxzNUsdJxJ2JdwvnR,Ariana Grande,Positions (Deluxe),my hair,2021
70,66CXWjxzNUsdJxJ2JdwvnR,Ariana Grande,Positions (Deluxe),nasty,2021
71,66CXWjxzNUsdJxJ2JdwvnR,Ariana Grande,Positions (Deluxe),west side,2021
72,66CXWjxzNUsdJxJ2JdwvnR,Ariana Grande,Positions (Deluxe),love language,2021
73,66CXWjxzNUsdJxJ2JdwvnR,Ariana Grande,Positions (Deluxe),positions,2021
74,66CXWjxzNUsdJxJ2JdwvnR,Ariana Grande,Positions (Deluxe),obvious,2021
75,66CXWjxzNUsdJxJ2JdwvnR,Ariana Grande,Positions (Deluxe),pov,2021
76,66CXWjxzNUsdJxJ2JdwvnR,Ariana Grande,Positions (Deluxe),someone like u - interlude,2021
77,66CXWjxzNUsdJxJ2JdwvnR,Ariana Grande,Positions (Deluxe),test drive,2021
78,66CXWjxzNUsdJxJ2JdwvnR,Ariana Grande,Positions (Deluxe),"34+35 Remix (feat. Doja Cat, Megan Thee Stallion) - Remix",2021
79,66CXWjxzNUsdJxJ2JdwvnR,Ariana Grande,Positions (Deluxe),worst behavior,2021
80,66CXWjxzNUsdJxJ2JdwvnR,Ariana Grande,Positions (Deluxe),main thing,2021
81,6XyY86QOPPrYVGvF9ch6wz,Linkin Park,From Zero,From Zero (Intro),2024
82,6XyY86QOPPrYVGvF9ch6wz,Linkin Park,From Zero,The Emptiness Machine,2024
83,6XyY86QOPPrYVGvF9ch6wz,Linkin Park,From Zero,Cut the Bridge,2024
84,6XyY86QOPPrYVGvF9ch6wz,Linkin Park,From Zero,Heavy Is the Crown,2024
85,6XyY86QOPPrYVGvF9ch6wz,Linkin Park,From Zero,Over Each Other,2024
86,6XyY86QOPPrYVGvF9ch6wz,Linkin Park,From Zero,Casualty,2024
87,6XyY86QOPPrYVGvF9ch6wz,Linkin Park,From Zero,Overflow,2024
88,6XyY86QOPPrYVGvF9ch6wz,Linkin Park,From Zero,Two Faced,2024
89,6XyY86QOPPrYVGvF9ch6wz,Linkin Park,From Zero,Stained,2024
90,6XyY86QOPPrYVGvF9ch6wz,Linkin Park,From Zero,IGYEIH,2024
91,6XyY86QOPPrYVGvF9ch6wz,Linkin Park,From Zero,Good Things Go,2024
92,6XyY86QOPPrYVGvF9ch6wz,Linkin Park,The Emptiness Machine,The Emptiness Machine,2024
93,6XyY86QOPPrYVGvF9ch6wz,Linkin Park,Heavy Is the Crown,Heavy Is the Crown,2024
94,6XyY86QOPPrYVGvF9ch6wz,Linkin Park,Heavy Is the Crown,The Emptiness Machine,2024
95,5Ho1vKl1Uz8bJlk4vbmvmf,Amelie Lens,Falling For You,Falling For You,2024
96,5Ho1vKl1Uz8bJlk4vbmvmf,Amelie Lens,Breathe,Breathe,2024
97,5Ho1vKl1Uz8bJlk4vbmvmf,Amelie Lens,Feel It,Feel It,2023
98,5Ho1vKl1Uz8bJlk4vbmvmf,Amelie Lens,You and Me,You and Me,2023
99,5Ho1vKl1Uz8bJlk4vbmvmf,Amelie Lens,You and Me,Feel It,2023
100,5Ho1vKl1Uz8bJlk4vbmvmf,Amelie Lens,You and Me,Radiance,2023
101,5Ho1vKl1Uz8bJlk4vbmvmf,Amelie Lens,Global Underground #44: Amelie Lens - Antwerp (DJ Mix),Consciousness - (Ambient Remodel) [Mixed],2022
102,5Ho1vKl1Uz8bJlk4vbmvmf,Amelie Lens,Global Underground #44: Amelie Lens - Antwerp (DJ Mix),The Dream Machine - Mixed,2022
103,5Ho1vKl1Uz8bJlk4vbmvmf,Amelie Lens,Global Underground #44: Amelie Lens - Antwerp (DJ Mix),Camino - Mixed,2022
104,5Ho1vKl1Uz8bJlk4vbmvmf,Amelie Lens,Global Underground #44: Amelie Lens - Antwerp (DJ Mix),Smoking Clouds - Mixed,2022
105,5Ho1vKl1Uz8bJlk4vbmvmf,Amelie Lens,Global Underground #44: Amelie Lens - Antwerp (DJ Mix),Memories Of A Broken Heart - Mixed,2022
106,5Ho1vKl1Uz8bJlk4vbmvmf,Amelie Lens,Global Underground #44: Amelie Lens - Antwerp (DJ Mix),Time Traveller - Mixed,2022
107,5Ho1vKl1Uz8bJlk4vbmvmf,Amelie Lens,Global Underground #44: Amelie Lens - Antwerp (DJ Mix),My Universe - Mixed,2022
108,5Ho1vKl1Uz8bJlk4vbmvmf,Amelie Lens,Global Underground #44: Amelie Lens - Antwerp (DJ Mix),Le Voyage - Mixed,2022
109,5Ho1vKl1Uz8bJlk4vbmvmf,Amelie Lens,Global Underground #44: Amelie Lens - Antwerp (DJ Mix),Affection - Mixed,2022
110,5Ho1vKl1Uz8bJlk4vbmvmf,Amelie Lens,Global Underground #44: Amelie Lens - Antwerp (DJ Mix),Glass Eyes - Mixed,2022
111,5Ho1vKl1Uz8bJlk4vbmvmf,Amelie Lens,Global Underground #44: Amelie Lens - Antwerp (DJ Mix),Hide (feat. LVRA) - [Mixed],2022
112,5Ho1vKl1Uz8bJlk4vbmvmf,Amelie Lens,Global Underground #44: Amelie Lens - Antwerp (DJ Mix),Pain Is Just Bread In French - Mixed,2022
113,5Ho1vKl1Uz8bJlk4vbmvmf,Amelie Lens,Global Underground #44: Amelie Lens - Antwerp (DJ Mix),Uncount - Mixed,2022
114,5Ho1vKl1Uz8bJlk4vbmvmf,Amelie Lens,Global Underground #44: Amelie Lens - Antwerp (DJ Mix),Color Of Past - Mixed,2022
115,5Ho1vKl1Uz8bJlk4vbmvmf,Amelie Lens,Global Underground #44: Amelie Lens - Antwerp (DJ Mix),Trippin' - Mixed,2022
116,5Ho1vKl1Uz8bJlk4vbmvmf,Amelie Lens,Global Underground #44: Amelie Lens - Antwerp (DJ Mix),Flavours Of Youth - Mixed,2022
117,5Ho1vKl1Uz8bJlk4vbmvmf,Amelie Lens,Global Underground #44: Amelie Lens - Antwerp (DJ Mix),Pulse Shaper - Mixed,2022
118,5Ho1vKl1Uz8bJlk4vbmvmf,Amelie Lens,Global Underground #44: Amelie Lens - Antwerp (DJ Mix),Rave - (Adam Beyer and Layton Giordani Remix) [Mixed],2022
119,5Ho1vKl1Uz8bJlk4vbmvmf,Amelie Lens,Global Underground #44: Amelie Lens - Antwerp (DJ Mix),Surge - Mixed,2022
120,5Ho1vKl1Uz8bJlk4vbmvmf,Amelie Lens,Global Underground #44: Amelie Lens - Antwerp (DJ Mix),Unloved Hate - Mixed,2022
121,5Ho1vKl1Uz8bJlk4vbmvmf,Amelie Lens,Global Underground #44: Amelie Lens - Antwerp (DJ Mix),All Of You - Mixed,2022
122,5Ho1vKl1Uz8bJlk4vbmvmf,Amelie Lens,Global Underground #44: Amelie Lens - Antwerp (DJ Mix),Downfall - Mixed,2022
123,5Ho1vKl1Uz8bJlk4vbmvmf,Amelie Lens,Global Underground #44: Amelie Lens - Antwerp (DJ Mix),Metal On Metal - Mixed,2022
124,5Ho1vKl1Uz8bJlk4vbmvmf,Amelie Lens,Global Underground #44: Amelie Lens - Antwerp (DJ Mix),We Trip And Roll - (JKS Remix) [Mixed],2022
125,5Ho1vKl1Uz8bJlk4vbmvmf,Amelie Lens,Global Underground #44: Amelie Lens - Antwerp (DJ Mix),Cairo At Night - (Aero Remix) [Mixed],2022
126,5Ho1vKl1Uz8bJlk4vbmvmf,Amelie Lens,Global Underground #44: Amelie Lens - Antwerp (DJ Mix),All Those Moments - (Mython Remix) [Mixed],2022
127,5Ho1vKl1Uz8bJlk4vbmvmf,Amelie Lens,Global Underground #44: Amelie Lens - Antwerp (DJ Mix),Absinth - Mixed,2022
128,5Ho1vKl1Uz8bJlk4vbmvmf,Amelie Lens,Global Underground #44: Amelie Lens - Antwerp (DJ Mix),Tourmaline - Mixed,2022
129,5Ho1vKl1Uz8bJlk4vbmvmf,Amelie Lens,Global Underground #44: Amelie Lens - Antwerp (DJ Mix),I See The Devil - Mixed,2022
130,5Ho1vKl1Uz8bJlk4vbmvmf,Amelie Lens,Underneath The Strobelights (Exhale VA005),Underneath The Strobelights,2024
131,5Ho1vKl1Uz8bJlk4vbmvmf,Amelie Lens,Global Underground #44: Amelie Lens - Antwerp (Unmixed),The Dream Machine,2022
132,5Ho1vKl1Uz8bJlk4vbmvmf,Amelie Lens,Global Underground #44: Amelie Lens - Antwerp (Unmixed),Camino,2022
133,5Ho1vKl1Uz8bJlk4vbmvmf,Amelie Lens,Global Underground #44: Amelie Lens - Antwerp (Unmixed),Smoking Clouds,2022
134,5Ho1vKl1Uz8bJlk4vbmvmf,Amelie Lens,Global Underground #44: Amelie Lens - Antwerp (Unmixed),Memories Of A Broken Heart,2022
135,5Ho1vKl1Uz8bJlk4vbmvmf,Amelie Lens,Global Underground #44: Amelie Lens - Antwerp (Unmixed),Time Traveller,2022
136,5Ho1vKl1Uz8bJlk4vbmvmf,Amelie Lens,Global Underground #44: Amelie Lens - Antwerp (Unmixed),My Universe,2022
137,5Ho1vKl1Uz8bJlk4vbmvmf,Amelie Lens,Global Underground #44: Amelie Lens - Antwerp (Unmixed),Le Voyage,2022
138,5Ho1vKl1Uz8bJlk4vbmvmf,Amelie Lens,Global Underground #44: Amelie Lens - Antwerp (Unmixed),Affection,2022
139,5Ho1vKl1Uz8bJlk4vbmvmf,Amelie Lens,Global Underground #44: Amelie Lens - Antwerp (Unmixed),Glass Eyes,2022
140,5Ho1vKl1Uz8bJlk4vbmvmf,Amelie Lens,Global Underground #44: Amelie Lens - Antwerp (Unmixed),Hide (feat. LVRA),2022
141,5Ho1vKl1Uz8bJlk4vbmvmf,Amelie Lens,Global Underground #44: Amelie Lens - Antwerp (Unmixed),Pain Is Just Bread In French,2022
142,5Ho1vKl1Uz8bJlk4vbmvmf,Amelie Lens,Global Underground #44: Amelie Lens - Antwerp (Unmixed),Uncount,2022
143,5Ho1vKl1Uz8bJlk4vbmvmf,Amelie Lens,Global Underground #44: Amelie Lens - Antwerp (Unmixed),Color Of Past,2022
144,5Ho1vKl1Uz8bJlk4vbmvmf,Amelie Lens,Global Underground #44: Amelie Lens - Antwerp (Unmixed),Trippin',2022
145,5Ho1vKl1Uz8bJlk4vbmvmf,Amelie Lens,Global Underground #44: Amelie Lens - Antwerp (Unmixed),Flavours Of Youth,2022
146,5Ho1vKl1Uz8bJlk4vbmvmf,Amelie Lens,Global Underground #44: Amelie Lens - Antwerp (Unmixed),Pulse Shaper,2022
147,5Ho1vKl1Uz8bJlk4vbmvmf,Amelie Lens,Global Underground #44: Amelie Lens - Antwerp (Unmixed),Surge,2022
148,5Ho1vKl1Uz8bJlk4vbmvmf,Amelie Lens,Global Underground #44: Amelie Lens - Antwerp (Unmixed),Unloved Hate,2022
149,5Ho1vKl1Uz8bJlk4vbmvmf,Amelie Lens,Global Underground #44: Amelie Lens - Antwerp (Unmixed),All Of You,2022
150,5Ho1vKl1Uz8bJlk4vbmvmf,Amelie Lens,Global Underground #44: Amelie Lens - Antwerp (Unmixed),Downfall,2022
151,5Ho1vKl1Uz8bJlk4vbmvmf,Amelie Lens,Global Underground #44: Amelie Lens - Antwerp (Unmixed),Metal On Metal,2022
152,5Ho1vKl1Uz8bJlk4vbmvmf,Amelie Lens,Global Underground #44: Amelie Lens - Antwerp (Unmixed),We Trip And Roll - JKS Remix,2022
153,5Ho1vKl1Uz8bJlk4vbmvmf,Amelie Lens,Global Underground #44: Amelie Lens - Antwerp (Unmixed),Cairo At Night - Aero Remix,2022
154,5Ho1vKl1Uz8bJlk4vbmvmf,Amelie Lens,Global Underground #44: Amelie Lens - Antwerp (Unmixed),All Those Moments - Mython Remix,2022
155,5Ho1vKl1Uz8bJlk4vbmvmf,Amelie Lens,Global Underground #44: Amelie Lens - Antwerp (Unmixed),Absinth,2022
156,5Ho1vKl1Uz8bJlk4vbmvmf,Amelie Lens,Global Underground #44: Amelie Lens - Antwerp (Unmixed),Tourmaline,2022
157,5Ho1vKl1Uz8bJlk4vbmvmf,Amelie Lens,Global Underground #44: Amelie Lens - Antwerp (Unmixed),I See The Devil,2022
158,5Ho1vKl1Uz8bJlk4vbmvmf,Amelie Lens,fabric presents Amelie Lens (DJ Mix),Theory of Relativity - Mixed,2019
159,5Ho1vKl1Uz8bJlk4vbmvmf,Amelie Lens,fabric presents Amelie Lens (DJ Mix),Limits of Real (Colombia M.I.L.Y. 2019) - Mixed,2019
160,5Ho1vKl1Uz8bJlk4vbmvmf,Amelie Lens,fabric presents Amelie Lens (DJ Mix),Boiling - Mixed,2019
161,5Ho1vKl1Uz8bJlk4vbmvmf,Amelie Lens,fabric presents Amelie Lens (DJ Mix),ADSR - Mixed,2019
162,5Ho1vKl1Uz8bJlk4vbmvmf,Amelie Lens,fabric presents Amelie Lens (DJ Mix),Rave With Me - Mixed,2019
163,5Ho1vKl1Uz8bJlk4vbmvmf,Amelie Lens,fabric presents Amelie Lens (DJ Mix),Thin Blue Line - Mixed,2019
164,5Ho1vKl1Uz8bJlk4vbmvmf,Amelie Lens,fabric presents Amelie Lens (DJ Mix),Savage Earth - Mixed,2019
165,5Ho1vKl1Uz8bJlk4vbmvmf,Amelie Lens,fabric presents Amelie Lens (DJ Mix),Solitude Tool - Mixed,2019
166,5Ho1vKl1Uz8bJlk4vbmvmf,Amelie Lens,fabric presents Amelie Lens (DJ Mix),Nikita - Mixed,2019
167,5Ho1vKl1Uz8bJlk4vbmvmf,Amelie Lens,fabric presents Amelie Lens (DJ Mix),Mutation - Mixed,2019
168,5Ho1vKl1Uz8bJlk4vbmvmf,Amelie Lens,fabric presents Amelie Lens (DJ Mix),Look Ahead - Mixed,2019
169,5Ho1vKl1Uz8bJlk4vbmvmf,Amelie Lens,fabric presents Amelie Lens (DJ Mix),Liquor - Mixed,2019
170,5Ho1vKl1Uz8bJlk4vbmvmf,Amelie Lens,fabric presents Amelie Lens (DJ Mix),Eleven Roses - Mixed,2019
171,5Ho1vKl1Uz8bJlk4vbmvmf,Amelie Lens,fabric presents Amelie Lens (DJ Mix),Cry For Redemption - Mixed,2019
172,5Ho1vKl1Uz8bJlk4vbmvmf,Amelie Lens,fabric presents Amelie Lens (DJ Mix),Praise The Night - Mixed,2019
173,5Ho1vKl1Uz8bJlk4vbmvmf,Amelie Lens,fabric presents Amelie Lens (DJ Mix),Ensnare - Mixed,2019
174,5Ho1vKl1Uz8bJlk4vbmvmf,Amelie Lens,fabric presents Amelie Lens (DJ Mix),Reaktor Rave - Mixed,2019
175,5Ho1vKl1Uz8bJlk4vbmvmf,Amelie Lens,fabric presents Amelie Lens (DJ Mix),Astro - Mixed,2019
176,5Ho1vKl1Uz8bJlk4vbmvmf,Amelie Lens,fabric presents Amelie Lens (DJ Mix),Courtship Unleashed - Mixed,2019
177,5Ho1vKl1Uz8bJlk4vbmvmf,Amelie Lens,Hypnotized,Hypnotized,2019
178,5Ho1vKl1Uz8bJlk4vbmvmf,Amelie Lens,Hypnotized,Access,2019
179,5Ho1vKl1Uz8bJlk4vbmvmf,Amelie Lens,Hypnotized,Hypnotized - Joyhauser Remix,2019
180,0lAWpj5szCSwM4rUMHYmrr,Måneskin,Teatro d'ira - Vol. I,ZITTI E BUONI,2021
181,0lAWpj5szCSwM4rUMHYmrr,Måneskin,Teatro d'ira - Vol. I,CORALINE,2021
182,0lAWpj5szCSwM4rUMHYmrr,Måneskin,Teatro d'ira - Vol. I,LIVIDI SUI GOMITI,2021
183,0lAWpj5szCSwM4rUMHYmrr,Måneskin,Teatro d'ira - Vol. I,I WANNA BE YOUR SLAVE,2021
184,0lAWpj5szCSwM4rUMHYmrr,Måneskin,Teatro d'ira - Vol. I,IN NOME DEL PADRE,2021
185,0lAWpj5szCSwM4rUMHYmrr,Måneskin,Teatro d'ira - Vol. I,FOR YOUR LOVE,2021
186,0lAWpj5szCSwM4rUMHYmrr,Måneskin,Teatro d'ira - Vol. I,LA PAURA DEL BUIO,2021
187,0lAWpj5szCSwM4rUMHYmrr,Måneskin,Teatro d'ira - Vol. I,VENT'ANNI,2021
188,0lAWpj5szCSwM4rUMHYmrr,Måneskin,RUSH!,OWN MY MIND,2023
189,0lAWpj5szCSwM4rUMHYmrr,Måneskin,RUSH!,GOSSIP (feat. Tom Morello),2023
190,0lAWpj5szCSwM4rUMHYmrr,Måneskin,RUSH!,TIMEZONE,2023
191,0lAWpj5szCSwM4rUMHYmrr,Måneskin,RUSH!,BLA BLA BLA,2023
192,0lAWpj5szCSwM4rUMHYmrr,Måneskin,RUSH!,BABY SAID,2023
193,0lAWpj5szCSwM4rUMHYmrr,Måneskin,RUSH!,GASOLINE,2023
194,0lAWpj5szCSwM4rUMHYmrr,Måneskin,RUSH!,FEEL,2023
195,0lAWpj5szCSwM4rUMHYmrr,Måneskin,RUSH!,DON'T WANNA SLEEP,2023
196,0lAWpj5szCSwM4rUMHYmrr,Måneskin,RUSH!,KOOL KIDS,2023
197,0lAWpj5szCSwM4rUMHYmrr,Måneskin,RUSH!,IF NOT FOR YOU,2023
198,0lAWpj5szCSwM4rUMHYmrr,Måneskin,RUSH!,READ YOUR DIARY,2023
199,0lAWpj5szCSwM4rUMHYmrr,Måneskin,RUSH!,MARK CHAPMAN,2023
200,0lAWpj5szCSwM4rUMHYmrr,Måneskin,RUSH!,LA FINE,2023
201,0lAWpj5szCSwM4rUMHYmrr,Måneskin,RUSH!,IL DONO DELLA VITA,2023
202,0lAWpj5szCSwM4rUMHYmrr,Måneskin,RUSH!,MAMMAMIA,2023
203,0lAWpj5szCSwM4rUMHYmrr,Måneskin,RUSH!,SUPERMODEL,2023
204,0lAWpj5szCSwM4rUMHYmrr,Måneskin,RUSH!,THE LONELIEST,2023
205,0lAWpj5szCSwM4rUMHYmrr,Måneskin,RUSH! (ARE U COMING?),HONEY (ARE U COMING?),2023
206,0lAWpj5szCSwM4rUMHYmrr,Måneskin,RUSH! (ARE U COMING?),VALENTINE,2023
207,0lAWpj5szCSwM4rUMHYmrr,Måneskin,RUSH! (ARE U COMING?),OFF MY FACE,2023
208,0lAWpj5szCSwM4rUMHYmrr,Måneskin,RUSH! (ARE U COMING?),THE DRIVER,2023
209,0lAWpj5szCSwM4rUMHYmrr,Måneskin,RUSH! (ARE U COMING?),TRASTEVERE,2023
210,0lAWpj5szCSwM4rUMHYmrr,Måneskin,RUSH! (ARE U COMING?),OWN MY MIND,2023
211,0lAWpj5szCSwM4rUMHYmrr,Måneskin,RUSH! (ARE U COMING?),GOSSIP (feat. Tom Morello),2023
212,0lAWpj5szCSwM4rUMHYmrr,Måneskin,RUSH! (ARE U COMING?),TIMEZONE,2023
213,0lAWpj5szCSwM4rUMHYmrr,Måneskin,RUSH! (ARE U COMING?),BLA BLA BLA,2023
214,0lAWpj5szCSwM4rUMHYmrr,Måneskin,RUSH! (ARE U COMING?),BABY SAID,2023
215,0lAWpj5szCSwM4rUMHYmrr,Måneskin,RUSH! (ARE U COMING?),GASOLINE,2023
216,0lAWpj5szCSwM4rUMHYmrr,Måneskin,RUSH! (ARE U COMING?),FEEL,2023
217,0lAWpj5szCSwM4rUMHYmrr,Måneskin,RUSH! (ARE U COMING?),DON'T WANNA SLEEP,2023
218,0lAWpj5szCSwM4rUMHYmrr,Måneskin,RUSH! (ARE U COMING?),KOOL KIDS,2023
219,0lAWpj5szCSwM4rUMHYmrr,Måneskin,RUSH! (ARE U COMING?),IF NOT FOR YOU,2023
220,0lAWpj5szCSwM4rUMHYmrr,Måneskin,RUSH! (ARE U COMING?),READ YOUR DIARY,2023
221,0lAWpj5szCSwM4rUMHYmrr,Måneskin,RUSH! (ARE U COMING?),MARK CHAPMAN,2023
222,0lAWpj5szCSwM4rUMHYmrr,Måneskin,RUSH! (ARE U COMING?),LA FINE,2023
223,0lAWpj5szCSwM4rUMHYmrr,Måneskin,RUSH! (ARE U COMING?),IL DONO DELLA VITA,2023
224,0lAWpj5szCSwM4rUMHYmrr,Måneskin,RUSH! (ARE U COMING?),MAMMAMIA,2023
225,0lAWpj5szCSwM4rUMHYmrr,Måneskin,RUSH! (ARE U COMING?),SUPERMODEL,2023
226,0lAWpj5szCSwM4rUMHYmrr,Måneskin,RUSH! (ARE U COMING?),THE LONELIEST,2023
227,0lAWpj5szCSwM4rUMHYmrr,Måneskin,RUSH!,HONEY (ARE U COMING?),2023
228,0lAWpj5szCSwM4rUMHYmrr,Måneskin,RUSH!,OWN MY MIND,2023
229,0lAWpj5szCSwM4rUMHYmrr,Måneskin,RUSH!,GOSSIP (feat. Tom Morello),2023
230,0lAWpj5szCSwM4rUMHYmrr,Måneskin,RUSH!,TIMEZONE,2023
231,0lAWpj5szCSwM4rUMHYmrr,Måneskin,RUSH!,BLA BLA BLA,2023
232,0lAWpj5szCSwM4rUMHYmrr,Måneskin,RUSH!,BABY SAID,2023
233,0lAWpj5szCSwM4rUMHYmrr,Måneskin,RUSH!,GASOLINE,2023
234,0lAWpj5szCSwM4rUMHYmrr,Måneskin,RUSH!,FEEL,2023
235,0lAWpj5szCSwM4rUMHYmrr,Måneskin,RUSH!,DON'T WANNA SLEEP,2023
236,0lAWpj5szCSwM4rUMHYmrr,Måneskin,RUSH!,KOOL KIDS,2023
237,0lAWpj5szCSwM4rUMHYmrr,Måneskin,RUSH!,IF NOT FOR YOU,2023
238,0lAWpj5szCSwM4rUMHYmrr,Måneskin,RUSH!,READ YOUR DIARY,2023
239,0lAWpj5szCSwM4rUMHYmrr,Måneskin,RUSH!,MARK CHAPMAN,2023
240,0lAWpj5szCSwM4rUMHYmrr,Måneskin,RUSH!,LA FINE,2023
241,0lAWpj5szCSwM4rUMHYmrr,Måneskin,RUSH!,IL DONO DELLA VITA,2023
242,0lAWpj5szCSwM4rUMHYmrr,Måneskin,RUSH!,MAMMAMIA,2023
243,0lAWpj5szCSwM4rUMHYmrr,Måneskin,RUSH!,SUPERMODEL,2023
244,0lAWpj5szCSwM4rUMHYmrr,Måneskin,RUSH!,THE LONELIEST,2023
245,0lAWpj5szCSwM4rUMHYmrr,Måneskin,THE LONELIEST,THE LONELIEST,2022
246,0lAWpj5szCSwM4rUMHYmrr,Måneskin,GOSSIP (feat. Tom Morello),GOSSIP (feat. Tom Morello),2023
247,0lAWpj5szCSwM4rUMHYmrr,Måneskin,SUPERMODEL,SUPERMODEL,2022
248,0lAWpj5szCSwM4rUMHYmrr,Måneskin,MAMMAMIA,MAMMAMIA,2021
